Type,Name,Request Count,Failure Count,Median Response Time,Average Response Time,Min Response Time,Max Response Time,Average Content Size,Requests/s,Failures/s,50%,66%,75%,80%,90%,95%,98%,99%,99.9%,99.99%,100%
POST,获取空间信息,5,0,790.9174999999999,806.0641199999998,790.9174999999999,826.2824999999996,68.0,1.0273742824087864,0.0,790,830,830,830,830,830,830,830,830,830,830
,Aggregated,5,0,790.9174999999999,806.0641199999998,790.9174999999999,826.2824999999996,68.0,1.0273742824087864,0.0,790,830,830,830,830,830,830,830,830,830,830
